{"Training-accuracy": 0.48656249046325684, "Validation-accuracy": 0.5325000286102295, "Training-loss": 1.1942514181137085, "Validation-loss": 1.1423436403274536}